epoch,time,train/box_loss,train/cls_loss,train/dfl_loss,metrics/precision(B),metrics/recall(B),metrics/mAP50(B),metrics/mAP50-95(B),val/box_loss,val/cls_loss,val/dfl_loss,lr/pg0,lr/pg1,lr/pg2
1,4549.08,0.9158,0.7134,1.08597,0.84641,0.65499,0.71484,0.46648,1.22761,0.73881,1.37206,0.000415633,0.000415633,0.000415633
2,10676.3,0.85289,0.50235,1.04005,0.84508,0.6536,0.71759,0.45782,1.24972,0.74748,1.41764,0.00082406,0.00082406,0.00082406
3,13187.3,0.82332,0.47676,1.02249,0.88956,0.65811,0.72665,0.47524,1.27158,0.71216,1.41623,0.00122424,0.00122424,0.00122424
4,16877.4,0.78432,0.43975,0.99849,0.85385,0.68902,0.73789,0.4756,1.29884,0.74018,1.40916,0.00121287,0.00121287,0.00121287
5,19800,0.74548,0.42102,0.98131,0.88228,0.66005,0.72873,0.47408,1.26923,0.70042,1.41097,0.0012005,0.0012005,0.0012005
6,23394.3,0.71507,0.40278,0.96611,0.88092,0.66478,0.73977,0.47396,1.29153,0.77197,1.44591,0.00118812,0.00118812,0.00118812
7,25852.6,0.69561,0.38849,0.96007,0.85369,0.67742,0.72063,0.46476,1.28135,0.71806,1.4207,0.00117575,0.00117575,0.00117575
8,29294.3,0.67212,0.37407,0.94603,0.89599,0.68155,0.75242,0.48969,1.28161,0.68817,1.43328,0.00116337,0.00116337,0.00116337
9,31854.9,0.65593,0.36375,0.94216,0.8897,0.68597,0.74402,0.48971,1.2871,0.71567,1.44042,0.001151,0.001151,0.001151
10,37643.3,0.64087,0.35311,0.93207,0.8937,0.64436,0.70792,0.46138,1.30752,0.71528,1.46206,0.00113863,0.00113863,0.00113863
11,40185.8,0.62416,0.34623,0.92511,0.87593,0.68808,0.74962,0.48029,1.31252,0.68679,1.45451,0.00112625,0.00112625,0.00112625
12,43846,0.60961,0.33633,0.91696,0.86449,0.68317,0.73003,0.47079,1.31007,0.71127,1.46174,0.00111388,0.00111388,0.00111388
13,46269.9,0.60302,0.33389,0.91553,0.87787,0.69311,0.75233,0.48634,1.31582,0.68794,1.48066,0.0011015,0.0011015,0.0011015
14,49727.5,0.59055,0.32796,0.91036,0.87751,0.6903,0.74221,0.47537,1.29686,0.70019,1.47667,0.00108913,0.00108913,0.00108913
15,52328.9,0.57772,0.32067,0.90571,0.88963,0.68277,0.74606,0.47626,1.33071,0.69345,1.50299,0.00107675,0.00107675,0.00107675
16,55146.3,0.56757,0.3154,0.90194,0.89833,0.6885,0.73997,0.47296,1.33867,0.68611,1.52071,0.00106437,0.00106437,0.00106437
17,57529.2,0.56075,0.31009,0.89815,0.87539,0.6967,0.74437,0.48449,1.31057,0.68675,1.47666,0.001052,0.001052,0.001052
18,3096.31,0.52696,0.29141,0.88547,0.88445,0.70388,0.75218,0.47553,1.31405,0.67904,1.52595,0.000724062,0.000724062,0.000724062
19,5948.66,0.51286,0.28213,0.87891,0.90276,0.67801,0.74819,0.47628,1.30691,0.67884,1.51434,0.000693125,0.000693125,0.000693125
20,9246.47,0.49713,0.27644,0.87418,0.89054,0.68686,0.75145,0.47767,1.32691,0.69888,1.55512,0.000662188,0.000662188,0.000662188
21,12152.4,0.4896,0.27069,0.86937,0.89669,0.68961,0.74395,0.47834,1.31087,0.67285,1.5122,0.00063125,0.00063125,0.00063125
22,15367.4,0.48016,0.26643,0.86796,0.89,0.68603,0.74742,0.47621,1.30864,0.67826,1.53546,0.000600313,0.000600313,0.000600313
23,17730.6,0.46918,0.26141,0.86432,0.90311,0.68552,0.75106,0.47299,1.30371,0.67154,1.56495,0.000569375,0.000569375,0.000569375
24,21492.4,0.46417,0.25849,0.86203,0.8992,0.6711,0.73192,0.46898,1.32074,0.69813,1.52361,0.000538438,0.000538438,0.000538438
25,24043.1,0.456,0.25319,0.85775,0.9022,0.66962,0.73645,0.47347,1.31715,0.68363,1.55507,0.0005075,0.0005075,0.0005075
26,28151.8,0.44682,0.24893,0.85551,0.89395,0.66717,0.73765,0.47387,1.31027,0.69887,1.54391,0.000476562,0.000476562,0.000476562
27,31111.3,0.43933,0.24427,0.85209,0.90123,0.66499,0.72777,0.46757,1.31566,0.70589,1.54051,0.000445625,0.000445625,0.000445625
28,34187.7,0.43773,0.2446,0.85078,0.87024,0.69878,0.73883,0.47623,1.30946,0.67457,1.54712,0.000414688,0.000414688,0.000414688
29,36823.4,0.4263,0.23877,0.84562,0.89851,0.69742,0.73876,0.47233,1.29717,0.69138,1.53471,0.00038375,0.00038375,0.00038375
30,40286.2,0.42354,0.23765,0.84785,0.86529,0.69257,0.73398,0.47021,1.31099,0.69956,1.58809,0.000352812,0.000352812,0.000352812
31,43264,0.40736,0.22233,0.82446,0.90208,0.67486,0.7383,0.47229,1.30847,0.68976,1.5875,0.000321875,0.000321875,0.000321875
32,46838.3,0.3951,0.2176,0.82133,0.9066,0.67433,0.72874,0.47477,1.30028,0.69984,1.54612,0.000290937,0.000290937,0.000290937
33,49809.4,0.38721,0.21382,0.81996,0.90021,0.6746,0.73616,0.47343,1.2991,0.70125,1.57404,0.00026,0.00026,0.00026
34,52624.7,0.37973,0.21106,0.81722,0.89688,0.67303,0.73969,0.47805,1.29456,0.67622,1.57323,0.000229063,0.000229063,0.000229063
35,55804.6,0.37228,0.20644,0.81513,0.89676,0.67756,0.71972,0.46909,1.29596,0.68435,1.55313,0.000198125,0.000198125,0.000198125
36,59615.8,0.36273,0.2012,0.8117,0.90335,0.66891,0.73281,0.47798,1.29169,0.68139,1.57381,0.000167188,0.000167188,0.000167188
37,62485.9,0.35385,0.19729,0.80738,0.90426,0.6774,0.72641,0.47442,1.29036,0.69086,1.57851,0.00013625,0.00013625,0.00013625
38,66294.5,0.34835,0.1945,0.80831,0.90673,0.66497,0.72168,0.4717,1.29777,0.69873,1.60451,0.000105312,0.000105312,0.000105312
39,68914.8,0.34165,0.19092,0.80585,0.91424,0.66308,0.7222,0.47667,1.29196,0.69343,1.60332,7.4375e-05,7.4375e-05,7.4375e-05
40,72106.9,0.3336,0.18693,0.80302,0.92312,0.65858,0.72535,0.47486,1.29488,0.69641,1.59599,4.34375e-05,4.34375e-05,4.34375e-05
